Image Name,Original Mean,Preprocessed Mean,Difference Mean
id3_id0_0000_1.jpg,105.25234507865646,105.25234507865646,0.0
id3_id0_0000_10.jpg,105.37642166241497,105.37642166241497,0.0
id3_id0_0000_100.jpg,103.24508397108843,103.24508397108843,0.0
id3_id0_0000_101.jpg,103.22338701105443,103.22338701105443,0.0
id3_id0_0000_102.jpg,102.03705622874149,102.03705622874149,0.0
id3_id0_0000_103.jpg,102.55575042517007,102.55575042517007,0.0
id3_id0_0000_104.jpg,103.07934072066327,103.07934072066327,0.0
id3_id0_0000_105.jpg,103.15047698767007,103.15047698767007,0.0
id3_id0_0000_106.jpg,103.13945578231292,103.13945578231292,0.0
id3_id0_0000_107.jpg,103.89908189838435,103.89908189838435,0.0
id3_id0_0000_108.jpg,103.46208014455782,103.46208014455782,0.0
id3_id0_0000_109.jpg,103.09833386479592,103.09833386479592,0.0
id3_id0_0000_11.jpg,105.86094945790816,105.86094945790816,0.0
id3_id0_0000_110.jpg,102.33303438562925,102.33303438562925,0.0
id3_id0_0000_111.jpg,102.42036033163265,102.42036033163265,0.0
id3_id0_0000_112.jpg,102.36501514668367,102.36501514668367,0.0
id3_id0_0000_113.jpg,103.60889004039116,103.60889004039116,0.0
id3_id0_0000_114.jpg,103.1427840667517,103.1427840667517,0.0
id3_id0_0000_115.jpg,103.23983577806122,103.23983577806122,0.0
id3_id0_0000_116.jpg,104.39754065688776,104.39754065688776,0.0
id3_id0_0000_117.jpg,105.33402423469387,105.33402423469387,0.0
id3_id0_0000_118.jpg,105.65906675170068,105.65906675170068,0.0
id3_id0_0000_119.jpg,105.59543075042517,105.59543075042517,0.0
id3_id0_0000_12.jpg,105.83235677083333,105.83235677083333,0.0
id3_id0_0000_120.jpg,106.16972921981292,106.16972921981292,0.0
id3_id0_0000_121.jpg,106.81255978954081,106.81255978954081,0.0
id3_id0_0000_122.jpg,107.17717633928571,107.17717633928571,0.0
id3_id0_0000_123.jpg,107.46261160714286,107.46261160714286,0.0
id3_id0_0000_124.jpg,107.15500770620748,107.15500770620748,0.0
id3_id0_0000_125.jpg,107.39798575680273,107.39798575680273,0.0
id3_id0_0000_126.jpg,107.3981319090136,107.3981319090136,0.0
id3_id0_0000_127.jpg,108.04356000212584,108.04356000212584,0.0
id3_id0_0000_128.jpg,107.4731744260204,107.4731744260204,0.0
id3_id0_0000_129.jpg,107.64503613945578,107.64503613945578,0.0
id3_id0_0000_13.jpg,106.36690848214286,106.36690848214286,0.0
id3_id0_0000_130.jpg,108.06097868835035,108.06097868835035,0.0
id3_id0_0000_131.jpg,108.33258264243197,108.33258264243197,0.0
id3_id0_0000_132.jpg,109.19124016794218,109.19124016794218,0.0
id3_id0_0000_133.jpg,109.66432158801021,109.66432158801021,0.0
id3_id0_0000_134.jpg,110.82692920918367,110.82692920918367,0.0
id3_id0_0000_135.jpg,113.06798735119048,113.06798735119048,0.0
id3_id0_0000_136.jpg,112.74820631377551,112.74820631377551,0.0
id3_id0_0000_137.jpg,113.97001886692176,113.97001886692176,0.0
id3_id0_0000_138.jpg,114.01470822704081,114.01470822704081,0.0
id3_id0_0000_139.jpg,113.94845477253402,113.94845477253402,0.0
id3_id0_0000_14.jpg,106.1598440157313,106.1598440157313,0.0
id3_id0_0000_140.jpg,113.80070817389456,113.80070817389456,0.0
id3_id0_0000_141.jpg,112.67491762329932,112.67491762329932,0.0
id3_id0_0000_142.jpg,112.5685653167517,112.5685653167517,0.0
id3_id0_0000_143.jpg,112.43362032312925,112.43362032312925,0.0
id3_id0_0000_144.jpg,111.14809869260205,111.14809869260205,0.0
id3_id0_0000_145.jpg,111.55570392219387,111.55570392219387,0.0
id3_id0_0000_146.jpg,110.73654735331633,110.73654735331633,0.0
id3_id0_0000_147.jpg,111.05810879039116,111.05810879039116,0.0
id3_id0_0000_148.jpg,110.73424877763605,110.73424877763605,0.0
id3_id0_0000_149.jpg,110.60047300170068,110.60047300170068,0.0
id3_id0_0000_15.jpg,106.40612377763605,106.40612377763605,0.0
id3_id0_0000_150.jpg,109.91476668792517,109.91476668792517,0.0
id3_id0_0000_151.jpg,109.4605256164966,109.4605256164966,0.0
id3_id0_0000_152.jpg,108.37293393920068,108.37293393920068,0.0
id3_id0_0000_153.jpg,108.46378082482993,108.46378082482993,0.0
id3_id0_0000_154.jpg,106.93445073341837,106.93445073341837,0.0
id3_id0_0000_155.jpg,106.42889694940476,106.42889694940476,0.0
id3_id0_0000_156.jpg,105.75076397746598,105.75076397746598,0.0
id3_id0_0000_157.jpg,106.6615978422619,106.6615978422619,0.0
id3_id0_0000_158.jpg,106.13523729804422,106.13523729804422,0.0
id3_id0_0000_159.jpg,106.21623883928571,106.21623883928571,0.0
id3_id0_0000_16.jpg,106.31646603954081,106.31646603954081,0.0
id3_id0_0000_160.jpg,106.1446840454932,106.1446840454932,0.0
id3_id0_0000_161.jpg,106.42571481717687,106.42571481717687,0.0
id3_id0_0000_162.jpg,105.62393707482993,105.62393707482993,0.0
id3_id0_0000_163.jpg,106.08834236819727,106.08834236819727,0.0
id3_id0_0000_164.jpg,106.1039740114796,106.1039740114796,0.0
id3_id0_0000_165.jpg,106.13533694727892,106.13533694727892,0.0
id3_id0_0000_166.jpg,105.78178146258503,105.78178146258503,0.0
id3_id0_0000_167.jpg,106.11332110969387,106.11332110969387,0.0
id3_id0_0000_168.jpg,105.8185653167517,105.8185653167517,0.0
id3_id0_0000_169.jpg,105.74808673469387,105.74808673469387,0.0
id3_id0_0000_17.jpg,107.1078337585034,107.1078337585034,0.0
id3_id0_0000_170.jpg,105.79613095238095,105.79613095238095,0.0
id3_id0_0000_171.jpg,106.60023384353741,106.60023384353741,0.0
id3_id0_0000_172.jpg,106.51287468112245,106.51287468112245,0.0
id3_id0_0000_173.jpg,106.91852678571429,106.91852678571429,0.0
id3_id0_0000_174.jpg,106.99006829294218,106.99006829294218,0.0
id3_id0_0000_175.jpg,107.11457669005102,107.11457669005102,0.0
id3_id0_0000_176.jpg,106.82916135204081,106.82916135204081,0.0
id3_id0_0000_177.jpg,107.24528326955782,107.24528326955782,0.0
id3_id0_0000_178.jpg,107.52721088435374,107.52721088435374,0.0
id3_id0_0000_179.jpg,107.82817150297619,107.82817150297619,0.0
id3_id0_0000_18.jpg,107.01309390943878,107.01309390943878,0.0
id3_id0_0000_180.jpg,107.75995828018708,107.75995828018708,0.0
id3_id0_0000_181.jpg,107.65284199617346,107.65284199617346,0.0
id3_id0_0000_182.jpg,106.90706048044218,106.90706048044218,0.0
id3_id0_0000_183.jpg,107.30408960459184,107.30408960459184,0.0
id3_id0_0000_184.jpg,107.00694887329932,107.00694887329932,0.0
id3_id0_0000_185.jpg,106.33058301445578,106.33058301445578,0.0
id3_id0_0000_186.jpg,106.23588966836735,106.23588966836735,0.0
id3_id0_0000_187.jpg,106.42332323554422,106.42332323554422,0.0
id3_id0_0000_188.jpg,106.39020647321429,106.39020647321429,0.0
id3_id0_0000_189.jpg,106.2386399872449,106.2386399872449,0.0
id3_id0_0000_19.jpg,107.47179926658163,107.47179926658163,0.0
id3_id0_0000_190.jpg,105.64427216198979,105.64427216198979,0.0
id3_id0_0000_191.jpg,106.3069462159864,106.3069462159864,0.0
id3_id0_0000_192.jpg,106.45938961522108,106.45938961522108,0.0
id3_id0_0000_193.jpg,107.16553066539116,107.16553066539116,0.0
id3_id0_0000_194.jpg,107.24697730654762,107.24697730654762,0.0
id3_id0_0000_195.jpg,107.34226854804422,107.34226854804422,0.0
id3_id0_0000_196.jpg,107.32229219812925,107.32229219812925,0.0
id3_id0_0000_197.jpg,107.48939732142857,107.48939732142857,0.0
id3_id0_0000_198.jpg,107.18217208758503,107.18217208758503,0.0
id3_id0_0000_199.jpg,107.20834661989795,107.20834661989795,0.0
id3_id0_0000_2.jpg,104.09868595875851,104.09868595875851,0.0
id3_id0_0000_20.jpg,107.71219308035714,107.71219308035714,0.0
id3_id0_0000_200.jpg,107.16972921981292,107.16972921981292,0.0
id3_id0_0000_201.jpg,106.96384725765306,106.96384725765306,0.0
id3_id0_0000_202.jpg,106.8486328125,106.8486328125,0.0
id3_id0_0000_203.jpg,105.8013990752551,105.8013990752551,0.0
id3_id0_0000_204.jpg,105.28831845238095,105.28831845238095,0.0
id3_id0_0000_205.jpg,105.64173442814626,105.64173442814626,0.0
id3_id0_0000_206.jpg,104.85539567389456,104.85539567389456,0.0
id3_id0_0000_207.jpg,104.9509659332483,104.9509659332483,0.0
id3_id0_0000_208.jpg,104.62557132227892,104.62557132227892,0.0
id3_id0_0000_209.jpg,104.52578922193878,104.52578922193878,0.0
id3_id0_0000_21.jpg,108.03940130739795,108.03940130739795,0.0
id3_id0_0000_210.jpg,105.07352784863946,105.07352784863946,0.0
id3_id0_0000_211.jpg,105.4362112032313,105.4362112032313,0.0
id3_id0_0000_212.jpg,105.49800037202381,105.49800037202381,0.0
id3_id0_0000_213.jpg,105.55460113732993,105.55460113732993,0.0
id3_id0_0000_214.jpg,105.30718537414965,105.30718537414965,0.0
id3_id0_0000_215.jpg,106.1238174957483,106.1238174957483,0.0
id3_id0_0000_216.jpg,105.93830383715986,105.93830383715986,0.0
id3_id0_0000_217.jpg,106.25331499787416,106.25331499787416,0.0
id3_id0_0000_218.jpg,106.34278008078232,106.34278008078232,0.0
id3_id0_0000_219.jpg,106.76266873937075,106.76266873937075,0.0
id3_id0_0000_22.jpg,108.1890943877551,108.1890943877551,0.0
id3_id0_0000_220.jpg,106.7485052614796,106.7485052614796,0.0
id3_id0_0000_221.jpg,107.15086894132654,107.15086894132654,0.0
id3_id0_0000_222.jpg,106.40464896896259,106.40464896896259,0.0
id3_id0_0000_223.jpg,106.64601270195578,106.64601270195578,0.0
id3_id0_0000_224.jpg,106.13858551232993,106.13858551232993,0.0
id3_id0_0000_225.jpg,106.19308035714286,106.19308035714286,0.0
id3_id0_0000_226.jpg,106.14785953443878,106.14785953443878,0.0
id3_id0_0000_227.jpg,106.6065449617347,106.6065449617347,0.0
id3_id0_0000_228.jpg,106.03683035714286,106.03683035714286,0.0
id3_id0_0000_229.jpg,106.06582164115646,106.06582164115646,0.0
id3_id0_0000_23.jpg,107.76488759566327,107.76488759566327,0.0
id3_id0_0000_230.jpg,105.82762675382654,105.82762675382654,0.0
id3_id0_0000_231.jpg,106.0392152954932,106.0392152954932,0.0
id3_id0_0000_232.jpg,105.7671662414966,105.7671662414966,0.0
id3_id0_0000_233.jpg,106.36274978741497,106.36274978741497,0.0
id3_id0_0000_234.jpg,106.73502604166667,106.73502604166667,0.0
id3_id0_0000_235.jpg,106.51743861607143,106.51743861607143,0.0
id3_id0_0000_236.jpg,106.79510124362245,106.79510124362245,0.0
id3_id0_0000_237.jpg,107.46971327593538,107.46971327593538,0.0
id3_id0_0000_238.jpg,106.72652264030613,106.72652264030613,0.0
id3_id0_0000_239.jpg,106.85737537202381,106.85737537202381,0.0
id3_id0_0000_24.jpg,107.12858737244898,107.12858737244898,0.0
id3_id0_0000_240.jpg,106.84782897534014,106.84782897534014,0.0
id3_id0_0000_241.jpg,106.70157047193878,106.70157047193878,0.0
id3_id0_0000_242.jpg,107.01781728316327,107.01781728316327,0.0
id3_id0_0000_243.jpg,107.24975419855443,107.24975419855443,0.0
id3_id0_0000_244.jpg,107.16518521471089,107.16518521471089,0.0
id3_id0_0000_245.jpg,107.76178518282313,107.76178518282313,0.0
id3_id0_0000_246.jpg,108.01173867984694,108.01173867984694,0.0
id3_id0_0000_247.jpg,108.05267458545919,108.05267458545919,0.0
id3_id0_0000_248.jpg,107.71172140731292,107.71172140731292,0.0
id3_id0_0000_249.jpg,107.62820870535714,107.62820870535714,0.0
id3_id0_0000_25.jpg,107.74589445153062,107.74589445153062,0.0
id3_id0_0000_250.jpg,107.79609773596938,107.79609773596938,0.0
id3_id0_0000_251.jpg,107.67915603741497,107.67915603741497,0.0
id3_id0_0000_252.jpg,107.65345317814626,107.65345317814626,0.0
id3_id0_0000_253.jpg,107.83183859481292,107.83183859481292,0.0
id3_id0_0000_254.jpg,107.32720822704081,107.32720822704081,0.0
id3_id0_0000_255.jpg,107.39524208120748,107.39524208120748,0.0
id3_id0_0000_256.jpg,107.17574139030613,107.17574139030613,0.0
id3_id0_0000_257.jpg,107.71285740858843,107.71285740858843,0.0
id3_id0_0000_258.jpg,107.1129225127551,107.1129225127551,0.0
id3_id0_0000_259.jpg,107.2231212797619,107.2231212797619,0.0
id3_id0_0000_26.jpg,107.70159704506803,107.70159704506803,0.0
id3_id0_0000_260.jpg,107.03613945578232,107.03613945578232,0.0
id3_id0_0000_261.jpg,107.31161644345238,107.31161644345238,0.0
id3_id0_0000_262.jpg,107.25892857142857,107.25892857142857,0.0
id3_id0_0000_263.jpg,107.32173416241497,107.32173416241497,0.0
id3_id0_0000_264.jpg,106.8660581420068,106.8660581420068,0.0
id3_id0_0000_265.jpg,107.68783216411565,107.68783216411565,0.0
id3_id0_0000_266.jpg,107.62758423681973,107.62758423681973,0.0
id3_id0_0000_267.jpg,108.25391289328232,108.25391289328232,0.0
id3_id0_0000_268.jpg,107.9408415710034,107.9408415710034,0.0
id3_id0_0000_269.jpg,107.97161325467687,107.97161325467687,0.0
id3_id0_0000_27.jpg,107.74180218962584,107.74180218962584,0.0
id3_id0_0000_270.jpg,107.71219972363946,107.71219972363946,0.0
id3_id0_0000_271.jpg,108.01181175595238,108.01181175595238,0.0
id3_id0_0000_272.jpg,107.97236394557824,107.97236394557824,0.0
id3_id0_0000_273.jpg,107.74847868835035,107.74847868835035,0.0
id3_id0_0000_274.jpg,107.72961840986395,107.72961840986395,0.0
id3_id0_0000_275.jpg,108.01366523171768,108.01366523171768,0.0
id3_id0_0000_276.jpg,107.77707801870748,107.77707801870748,0.0
id3_id0_0000_277.jpg,107.43677588222789,107.43677588222789,0.0
id3_id0_0000_278.jpg,107.47468909438776,107.47468909438776,0.0
id3_id0_0000_279.jpg,107.55345849277211,107.55345849277211,0.0
id3_id0_0000_28.jpg,107.74497767857143,107.74497767857143,0.0
id3_id0_0000_280.jpg,107.54577885841837,107.54577885841837,0.0
id3_id0_0000_281.jpg,107.76828895620748,107.76828895620748,0.0
id3_id0_0000_282.jpg,107.70578895620748,107.70578895620748,0.0
id3_id0_0000_283.jpg,107.6616443452381,107.6616443452381,0.0
id3_id0_0000_284.jpg,107.35414009353741,107.35414009353741,0.0
id3_id0_0000_285.jpg,107.77792171556122,107.77792171556122,0.0
id3_id0_0000_286.jpg,107.55408960459184,107.55408960459184,0.0
id3_id0_0000_287.jpg,107.56231398809524,107.56231398809524,0.0
id3_id0_0000_288.jpg,107.08236341411565,107.08236341411565,0.0
id3_id0_0000_289.jpg,106.98276732568027,106.98276732568027,0.0
id3_id0_0000_29.jpg,107.74147666879252,107.74147666879252,0.0
id3_id0_0000_290.jpg,106.86380606930273,106.86380606930273,0.0
id3_id0_0000_291.jpg,106.9045028167517,106.9045028167517,0.0
id3_id0_0000_292.jpg,106.78719573767007,106.78719573767007,0.0
id3_id0_0000_293.jpg,106.97807716836735,106.97807716836735,0.0
id3_id0_0000_294.jpg,106.55691299957483,106.55691299957483,0.0
id3_id0_0000_295.jpg,106.56403459821429,106.56403459821429,0.0
id3_id0_0000_296.jpg,106.48568372661565,106.48568372661565,0.0
id3_id0_0000_297.jpg,106.911026519983,106.911026519983,0.0
id3_id0_0000_298.jpg,106.62259513180273,106.62259513180273,0.0
id3_id0_0000_299.jpg,106.64943399234694,106.64943399234694,0.0
id3_id0_0000_3.jpg,104.61157392644557,104.61157392644557,0.0
id3_id0_0000_30.jpg,107.72902051445578,107.72902051445578,0.0
id3_id0_0000_300.jpg,107.69448208971089,107.69448208971089,0.0
id3_id0_0000_301.jpg,108.50579294217687,108.50579294217687,0.0
id3_id0_0000_302.jpg,108.44563802083333,108.44563802083333,0.0
id3_id0_0000_303.jpg,107.86242426658163,107.86242426658163,0.0
id3_id0_0000_304.jpg,107.65991709183673,107.65991709183673,0.0
id3_id0_0000_305.jpg,107.7905040922619,107.7905040922619,0.0
id3_id0_0000_306.jpg,107.48357780612245,107.48357780612245,0.0
id3_id0_0000_307.jpg,107.5500106292517,107.5500106292517,0.0
id3_id0_0000_308.jpg,107.34762967687075,107.34762967687075,0.0
id3_id0_0000_309.jpg,107.42249946853741,107.42249946853741,0.0
id3_id0_0000_31.jpg,105.7809377657313,105.7809377657313,0.0
id3_id0_0000_310.jpg,107.44926525297619,107.44926525297619,0.0
id3_id0_0000_311.jpg,107.47962505314626,107.47962505314626,0.0
id3_id0_0000_312.jpg,106.50162760416667,106.50162760416667,0.0
id3_id0_0000_313.jpg,106.95930325255102,106.95930325255102,0.0
id3_id0_0000_314.jpg,106.84438111181973,106.84438111181973,0.0
id3_id0_0000_315.jpg,107.31998697916667,107.31998697916667,0.0
id3_id0_0000_316.jpg,107.28342235331633,107.28342235331633,0.0
id3_id0_0000_317.jpg,107.08087531887755,107.08087531887755,0.0
id3_id0_0000_318.jpg,106.42530957695578,106.42530957695578,0.0
id3_id0_0000_319.jpg,106.48642113095238,106.48642113095238,0.0
id3_id0_0000_32.jpg,105.74353608630952,105.74353608630952,0.0
id3_id0_0000_320.jpg,106.37460804634354,106.37460804634354,0.0
id3_id0_0000_321.jpg,106.62292065263605,106.62292065263605,0.0
id3_id0_0000_322.jpg,106.207901519983,106.207901519983,0.0
id3_id0_0000_323.jpg,106.12841464710884,106.12841464710884,0.0
id3_id0_0000_324.jpg,105.71220636692176,105.71220636692176,0.0
id3_id0_0000_325.jpg,106.30768362032313,106.30768362032313,0.0
id3_id0_0000_326.jpg,105.69487404336735,105.69487404336735,0.0
id3_id0_0000_327.jpg,105.8819887329932,105.8819887329932,0.0
id3_id0_0000_328.jpg,105.72693452380952,105.72693452380952,0.0
id3_id0_0000_329.jpg,105.9251169217687,105.9251169217687,0.0
id3_id0_0000_33.jpg,105.75276360544218,105.75276360544218,0.0
id3_id0_0000_330.jpg,105.73970291241497,105.73970291241497,0.0
id3_id0_0000_331.jpg,105.90690104166667,105.90690104166667,0.0
id3_id0_0000_332.jpg,105.88827327806122,105.88827327806122,0.0
id3_id0_0000_333.jpg,105.41270727040816,105.41270727040816,0.0
id3_id0_0000_334.jpg,105.32354113520408,105.32354113520408,0.0
id3_id0_0000_335.jpg,105.70644664115646,105.70644664115646,0.0
id3_id0_0000_336.jpg,104.87874016794218,104.87874016794218,0.0
id3_id0_0000_337.jpg,105.36760602678571,105.36760602678571,0.0
id3_id0_0000_338.jpg,105.36039142219387,105.36039142219387,0.0
id3_id0_0000_339.jpg,105.65217766794218,105.65217766794218,0.0
id3_id0_0000_34.jpg,105.60976031037416,105.60976031037416,0.0
id3_id0_0000_340.jpg,105.94344573767007,105.94344573767007,0.0
id3_id0_0000_341.jpg,106.40463568239795,106.40463568239795,0.0
id3_id0_0000_342.jpg,75.77696508290816,75.77696508290816,0.0
id3_id0_0000_3422.jpg,106.3369140625,106.3369140625,0.0
id3_id0_0000_343.jpg,106.18278326955782,106.18278326955782,0.0
id3_id0_0000_344.jpg,105.79986447704081,105.79986447704081,0.0
id3_id0_0000_345.jpg,106.10564147534014,106.10564147534014,0.0
id3_id0_0000_346.jpg,106.01499388818027,106.01499388818027,0.0
id3_id0_0000_347.jpg,105.91196322278911,105.91196322278911,0.0
id3_id0_0000_348.jpg,105.61595849277211,105.61595849277211,0.0
id3_id0_0000_349.jpg,105.68211894132654,105.68211894132654,0.0
id3_id0_0000_35.jpg,105.12403008078232,105.12403008078232,0.0
id3_id0_0000_350.jpg,105.37840136054422,105.37840136054422,0.0
id3_id0_0000_351.jpg,105.34717129039116,105.34717129039116,0.0
id3_id0_0000_352.jpg,105.28639190051021,105.28639190051021,0.0
id3_id0_0000_353.jpg,105.35322996386054,105.35322996386054,0.0
id3_id0_0000_354.jpg,105.03136293579932,105.03136293579932,0.0
id3_id0_0000_355.jpg,105.05904549319727,105.05904549319727,0.0
id3_id0_0000_356.jpg,104.99117107780613,104.99117107780613,0.0
id3_id0_0000_357.jpg,105.33294802295919,105.33294802295919,0.0
id3_id0_0000_358.jpg,104.72809045493197,104.72809045493197,0.0
id3_id0_0000_359.jpg,105.27045466624149,105.27045466624149,0.0
id3_id0_0000_36.jpg,104.5843431122449,104.5843431122449,0.0
id3_id0_0000_360.jpg,105.22661564625851,105.22661564625851,0.0
id3_id0_0000_361.jpg,105.75406568877551,105.75406568877551,0.0
id3_id0_0000_362.jpg,105.53620588860544,105.53620588860544,0.0
id3_id0_0000_363.jpg,106.02017564838435,106.02017564838435,0.0
id3_id0_0000_364.jpg,106.35176179846938,106.35176179846938,0.0
id3_id0_0000_365.jpg,106.55808886054422,106.55808886054422,0.0
id3_id0_0000_366.jpg,105.97180590986395,105.97180590986395,0.0
id3_id0_0000_367.jpg,105.99118436437075,105.99118436437075,0.0
id3_id0_0000_368.jpg,105.88760894982993,105.88760894982993,0.0
id3_id0_0000_369.jpg,106.21306335034014,106.21306335034014,0.0
id3_id0_0000_37.jpg,105.1142578125,105.1142578125,0.0
id3_id0_0000_370.jpg,106.18262383078232,106.18262383078232,0.0
id3_id0_0000_371.jpg,106.26378481079932,106.26378481079932,0.0
id3_id0_0000_372.jpg,106.20628720238095,106.20628720238095,0.0
id3_id0_0000_373.jpg,107.02407525510205,107.02407525510205,0.0
id3_id0_0000_374.jpg,106.9568253082483,106.9568253082483,0.0
id3_id0_0000_375.jpg,107.40276227678571,107.40276227678571,0.0
id3_id0_0000_376.jpg,107.34315210459184,107.34315210459184,0.0
id3_id0_0000_377.jpg,107.64398650085035,107.64398650085035,0.0
id3_id0_0000_378.jpg,107.62399022108843,107.62399022108843,0.0
id3_id0_0000_379.jpg,107.91474011479592,107.91474011479592,0.0
id3_id0_0000_38.jpg,105.41770966198979,105.41770966198979,0.0
id3_id0_0000_380.jpg,107.69160554846938,107.69160554846938,0.0
id3_id0_0000_381.jpg,107.46293048469387,107.46293048469387,0.0
id3_id0_0000_382.jpg,107.44791002338435,107.44791002338435,0.0
id3_id0_0000_383.jpg,107.0001527954932,107.0001527954932,0.0
id3_id0_0000_384.jpg,106.60172858205782,106.60172858205782,0.0
id3_id0_0000_385.jpg,106.29635018069727,106.29635018069727,0.0
id3_id0_0000_386.jpg,106.26882041879252,106.26882041879252,0.0
id3_id0_0000_387.jpg,105.67987351190476,105.67987351190476,0.0
id3_id0_0000_388.jpg,105.60461840986395,105.60461840986395,0.0
id3_id0_0000_389.jpg,105.69476775085035,105.69476775085035,0.0
id3_id0_0000_39.jpg,105.47864849064626,105.47864849064626,0.0
id3_id0_0000_390.jpg,105.64193372661565,105.64193372661565,0.0
id3_id0_0000_391.jpg,105.43459688562925,105.43459688562925,0.0
id3_id0_0000_392.jpg,105.52089312287416,105.52089312287416,0.0
id3_id0_0000_393.jpg,105.56909013605443,105.56909013605443,0.0
id3_id0_0000_394.jpg,105.73790258290816,105.73790258290816,0.0
id3_id0_0000_395.jpg,105.44068213222789,105.44068213222789,0.0
id3_id0_0000_396.jpg,105.52748325892857,105.52748325892857,0.0
id3_id0_0000_397.jpg,105.89493649022108,105.89493649022108,0.0
id3_id0_0000_398.jpg,105.9742971407313,105.9742971407313,0.0
id3_id0_0000_399.jpg,106.27547698767007,106.27547698767007,0.0
id3_id0_0000_4.jpg,104.05097390518708,104.05097390518708,0.0
id3_id0_0000_40.jpg,105.33004490858843,105.33004490858843,0.0
id3_id0_0000_400.jpg,106.21878321641157,106.21878321641157,0.0
id3_id0_0000_401.jpg,106.38110517644557,106.38110517644557,0.0
id3_id0_0000_402.jpg,106.6399606717687,106.6399606717687,0.0
id3_id0_0000_403.jpg,106.68949298469387,106.68949298469387,0.0
id3_id0_0000_404.jpg,106.60997953869048,106.60997953869048,0.0
id3_id0_0000_405.jpg,106.59012941113946,106.59012941113946,0.0
id3_id0_0000_406.jpg,106.84578948767007,106.84578948767007,0.0
id3_id0_0000_407.jpg,106.88119153911565,106.88119153911565,0.0
id3_id0_0000_408.jpg,106.50469680059524,106.50469680059524,0.0
id3_id0_0000_409.jpg,106.36551339285714,106.36551339285714,0.0
id3_id0_0000_41.jpg,104.60977359693878,104.60977359693878,0.0
id3_id0_0000_410.jpg,105.96569409013605,105.96569409013605,0.0
id3_id0_0000_411.jpg,105.95774872448979,105.95774872448979,0.0
id3_id0_0000_412.jpg,105.84484614158163,105.84484614158163,0.0
id3_id0_0000_413.jpg,106.03344228316327,106.03344228316327,0.0
id3_id0_0000_414.jpg,105.99546928146259,105.99546928146259,0.0
id3_id0_0000_415.jpg,106.29874176232993,106.29874176232993,0.0
id3_id0_0000_416.jpg,106.04967182185374,106.04967182185374,0.0
id3_id0_0000_417.jpg,106.78900271045919,106.78900271045919,0.0
id3_id0_0000_418.jpg,106.50351429634354,106.50351429634354,0.0
id3_id0_0000_419.jpg,106.05804900085035,106.05804900085035,0.0
id3_id0_0000_42.jpg,105.57875611181973,105.57875611181973,0.0
id3_id0_0000_420.jpg,106.0098652742347,106.0098652742347,0.0
id3_id0_0000_421.jpg,105.90055006377551,105.90055006377551,0.0
id3_id0_0000_422.jpg,105.18632413903062,105.18632413903062,0.0
id3_id0_0000_423.jpg,104.12990938562925,104.12990938562925,0.0
id3_id0_0000_424.jpg,104.15601084183673,104.15601084183673,0.0
id3_id0_0000_425.jpg,104.74891050170068,104.74891050170068,0.0
id3_id0_0000_426.jpg,104.43866921768708,104.43866921768708,0.0
id3_id0_0000_427.jpg,104.46209343112245,104.46209343112245,0.0
id3_id0_0000_428.jpg,104.34592235331633,104.34592235331633,0.0
id3_id0_0000_429.jpg,104.24296476403062,104.24296476403062,0.0
id3_id0_0000_43.jpg,105.42857142857143,105.42857142857143,0.0
id3_id0_0000_430.jpg,103.32579985119048,103.32579985119048,0.0
id3_id0_0000_431.jpg,103.13744951105443,103.13744951105443,0.0
id3_id0_0000_432.jpg,102.69308035714286,102.69308035714286,0.0
id3_id0_0000_433.jpg,103.22989742772108,103.22989742772108,0.0
id3_id0_0000_434.jpg,102.14770673894557,102.14770673894557,0.0
id3_id0_0000_435.jpg,101.98980256164965,101.98980256164965,0.0
id3_id0_0000_436.jpg,101.92198793579932,101.92198793579932,0.0
id3_id0_0000_437.jpg,101.83832908163265,101.83832908163265,0.0
id3_id0_0000_438.jpg,102.01627604166667,102.01627604166667,0.0
id3_id0_0000_439.jpg,102.74315741921768,102.74315741921768,0.0
id3_id0_0000_44.jpg,105.38896417942176,105.38896417942176,0.0
id3_id0_0000_440.jpg,102.68766608205782,102.68766608205782,0.0
id3_id0_0000_441.jpg,102.38144398384354,102.38144398384354,0.0
id3_id0_0000_442.jpg,102.35643866921768,102.35643866921768,0.0
id3_id0_0000_443.jpg,102.45609454719387,102.45609454719387,0.0
id3_id0_0000_444.jpg,102.4018787202381,102.4018787202381,0.0
id3_id0_0000_445.jpg,102.1883769132653,102.1883769132653,0.0
id3_id0_0000_446.jpg,102.17962106717687,102.17962106717687,0.0
id3_id0_0000_447.jpg,102.48726482780613,102.48726482780613,0.0
id3_id0_0000_448.jpg,101.84567655187075,101.84567655187075,0.0
id3_id0_0000_449.jpg,101.90510071215986,101.90510071215986,0.0
id3_id0_0000_45.jpg,104.76820923681973,104.76820923681973,0.0
id3_id0_0000_450.jpg,101.76061596513605,101.76061596513605,0.0
id3_id0_0000_451.jpg,102.47302163052721,102.47302163052721,0.0
id3_id0_0000_452.jpg,102.36214524872449,102.36214524872449,0.0
id3_id0_0000_453.jpg,102.41245482568027,102.41245482568027,0.0
id3_id0_0000_454.jpg,102.34699856505102,102.34699856505102,0.0
id3_id0_0000_455.jpg,102.80373751062925,102.80373751062925,0.0
id3_id0_0000_456.jpg,103.05099383503402,103.05099383503402,0.0
id3_id0_0000_457.jpg,102.6958240327381,102.6958240327381,0.0
id3_id0_0000_458.jpg,102.67006138392857,102.67006138392857,0.0
id3_id0_0000_46.jpg,104.70863228103741,104.70863228103741,0.0
id3_id0_0000_47.jpg,104.41353768069727,104.41353768069727,0.0
id3_id0_0000_48.jpg,104.47097549957483,104.47097549957483,0.0
id3_id0_0000_49.jpg,104.0565409757653,104.0565409757653,0.0
id3_id0_0000_5.jpg,104.49146338222789,104.49146338222789,0.0
id3_id0_0000_50.jpg,104.03545519770408,104.03545519770408,0.0
id3_id0_0000_51.jpg,104.65170599489795,104.65170599489795,0.0
id3_id0_0000_52.jpg,104.58693399234694,104.58693399234694,0.0
id3_id0_0000_53.jpg,104.99995349702381,104.99995349702381,0.0
id3_id0_0000_54.jpg,104.48453443877551,104.48453443877551,0.0
id3_id0_0000_55.jpg,104.36800462372449,104.36800462372449,0.0
id3_id0_0000_56.jpg,103.77747661564626,103.77747661564626,0.0
id3_id0_0000_57.jpg,103.93762622236395,103.93762622236395,0.0
id3_id0_0000_58.jpg,103.64137569090136,103.64137569090136,0.0
id3_id0_0000_59.jpg,103.8233418367347,103.8233418367347,0.0
id3_id0_0000_6.jpg,104.1791693239796,104.1791693239796,0.0
id3_id0_0000_60.jpg,103.521484375,103.521484375,0.0
id3_id0_0000_61.jpg,103.26846832482993,103.26846832482993,0.0
id3_id0_0000_62.jpg,102.95030824829932,102.95030824829932,0.0
id3_id0_0000_63.jpg,103.89483019770408,103.89483019770408,0.0
id3_id0_0000_64.jpg,103.87784332482993,103.87784332482993,0.0
id3_id0_0000_65.jpg,104.64044563137755,104.64044563137755,0.0
id3_id0_0000_66.jpg,104.22535342261905,104.22535342261905,0.0
id3_id0_0000_67.jpg,104.55460113732993,104.55460113732993,0.0
id3_id0_0000_68.jpg,104.21795944940476,104.21795944940476,0.0
id3_id0_0000_69.jpg,104.56311118197279,104.56311118197279,0.0
id3_id0_0000_7.jpg,104.80300010629252,104.80300010629252,0.0
id3_id0_0000_70.jpg,104.30086761267007,104.30086761267007,0.0
id3_id0_0000_71.jpg,104.56030771683673,104.56030771683673,0.0
id3_id0_0000_72.jpg,104.10455197704081,104.10455197704081,0.0
id3_id0_0000_73.jpg,104.10151599702381,104.10151599702381,0.0
id3_id0_0000_74.jpg,104.21130288052721,104.21130288052721,0.0
id3_id0_0000_75.jpg,104.3234481292517,104.3234481292517,0.0
id3_id0_0000_76.jpg,104.69660794005102,104.69660794005102,0.0
id3_id0_0000_77.jpg,105.01975712159864,105.01975712159864,0.0
id3_id0_0000_78.jpg,105.13178279124149,105.13178279124149,0.0
id3_id0_0000_79.jpg,105.45370960884354,105.45370960884354,0.0
id3_id0_0000_8.jpg,105.06556919642857,105.06556919642857,0.0
id3_id0_0000_80.jpg,105.49137037627551,105.49137037627551,0.0
id3_id0_0000_81.jpg,105.71105707908163,105.71105707908163,0.0
id3_id0_0000_82.jpg,105.64366762329932,105.64366762329932,0.0
id3_id0_0000_83.jpg,105.39938084608843,105.39938084608843,0.0
id3_id0_0000_84.jpg,105.18180006377551,105.18180006377551,0.0
id3_id0_0000_85.jpg,104.98026945153062,104.98026945153062,0.0
id3_id0_0000_86.jpg,103.4685972045068,103.4685972045068,0.0
id3_id0_0000_87.jpg,103.56194196428571,103.56194196428571,0.0
id3_id0_0000_88.jpg,102.74848533163265,102.74848533163265,0.0
id3_id0_0000_89.jpg,102.83842873086735,102.83842873086735,0.0
id3_id0_0000_9.jpg,105.23598931760205,105.23598931760205,0.0
id3_id0_0000_90.jpg,102.29650961947279,102.29650961947279,0.0
id3_id0_0000_91.jpg,102.32527503188776,102.32527503188776,0.0
id3_id0_0000_92.jpg,101.6467899659864,101.6467899659864,0.0
id3_id0_0000_93.jpg,101.95468617134354,101.95468617134354,0.0
id3_id0_0000_94.jpg,101.52899792729592,101.52899792729592,0.0
id3_id0_0000_95.jpg,102.00738068664965,102.00738068664965,0.0
id3_id0_0000_96.jpg,101.62419616284014,101.62419616284014,0.0
id3_id0_0000_97.jpg,102.29227784863946,102.29227784863946,0.0
id3_id0_0000_98.jpg,103.248153167517,103.248153167517,0.0
id3_id0_0000_99.jpg,103.12911883503402,103.12911883503402,0.0
